Model ID,Model Name,Creator,Downloads,Likes,Model Type,Image Filename,Image Name,Original NSFW Level,NSFW Status,File Status,Processing Status,New Filename,Last Updated,File Path
350716,Osorubeshi Pony style LORAs,OsorubeshiAI,18409,652,LORA,350716_00019-2191838270.png.jpg,00019-2191838270.png,8,NSFW,Valid,Filtered,350716_00019-2191838270.png.jpg,2024-07-23T02:53:41.160194,images/716/350716/350716_00019-2191838270.png.jpg
350716,Osorubeshi Pony style LORAs,OsorubeshiAI,18409,652,LORA,350716_00000-2851351834.png.jpg,00000-2851351834.png,1,NSFW,Valid,Filtered,350716_00000-2851351834.png.jpg,2024-07-23T02:53:41.161522,images/716/350716/350716_00000-2851351834.png.jpg
350716,Osorubeshi Pony style LORAs,OsorubeshiAI,18409,652,LORA,350716_00002-2851351834.png.jpg,00002-2851351834.png,8,NSFW,Valid,Filtered,350716_00002-2851351834.png.jpg,2024-07-23T02:53:41.162081,images/716/350716/350716_00002-2851351834.png.jpg
350716,Osorubeshi Pony style LORAs,OsorubeshiAI,18409,652,LORA,350716_00004-2851351834.png.jpg,00004-2851351834.png,16,NSFW,Valid,Filtered,350716_00004-2851351834.png.jpg,2024-07-23T02:53:41.162722,images/716/350716/350716_00004-2851351834.png.jpg
350716,Osorubeshi Pony style LORAs,OsorubeshiAI,18409,652,LORA,350716_00016-3445728613.png.jpg,00016-3445728613.png,4,NSFW,Valid,Filtered,350716_00016-3445728613.png.jpg,2024-07-23T02:53:41.163443,images/716/350716/350716_00016-3445728613.png.jpg
350716,Osorubeshi Pony style LORAs,OsorubeshiAI,18409,652,LORA,350716_00019-3886278527.png.jpg,00019-3886278527.png,16,NSFW,Valid,Filtered,350716_00019-3886278527.png.jpg,2024-07-23T02:53:41.164006,images/716/350716/350716_00019-3886278527.png.jpg
350716,Osorubeshi Pony style LORAs,OsorubeshiAI,18409,652,LORA,350716_00033-2820877834.png.jpg,00033-2820877834.png,2,NSFW,Valid,Filtered,350716_00033-2820877834.png.jpg,2024-07-23T02:53:41.164663,images/716/350716/350716_00033-2820877834.png.jpg
350716,Osorubeshi Pony style LORAs,OsorubeshiAI,18409,652,LORA,350716_00037-2499957612.png.jpg,00037-2499957612.png,4,NSFW,Valid,Filtered,350716_00037-2499957612.png.jpg,2024-07-23T02:53:41.165602,images/716/350716/350716_00037-2499957612.png.jpg
350716,Osorubeshi Pony style LORAs,OsorubeshiAI,18409,652,LORA,350716_00049-2721830772.png.jpg,00049-2721830772.png,1,NSFW,Valid,Filtered,350716_00049-2721830772.png.jpg,2024-07-23T02:53:41.166278,images/716/350716/350716_00049-2721830772.png.jpg
